{
  "global_source": "external_blend",
  "external_global_blend": {
    "v17": 0.65,
    "v19": 0.35
  },
  "best_weights": {
    "a_transfer_nonfrozen": 0.33000000000000007,
    "b_transfer_frozen": 0.0,
    "c_frozen_frozen": 0.49000000000000005
  },
  "metrics": {
    "auc": 0.7409272998393673,
    "logloss": 0.4932329024923494,
    "ap": 0.45210058302790573
  }
}